{"options":{},"indexes":[{"v":1,"key":{"_id":1},"name":"_id_","ns":"mitolojix.dersler"},{"v":1,"unique":true,"key":{"isim":1},"name":"c2_isim","ns":"mitolojix.dersler","background":true,"sparse":false},{"v":1,"key":{"isimCollate":1},"name":"c2_isimCollate","ns":"mitolojix.dersler","background":true,"sparse":false},{"v":1,"unique":true,"key":{"muhurGrubu.isim":1},"name":"c2_muhurGrubu.isim","ns":"mitolojix.dersler","background":true,"sparse":false},{"v":1,"key":{"muhurGrubu.isimCollate":1},"name":"c2_muhurGrubu.isimCollate","ns":"mitolojix.dersler","background":true,"sparse":false},{"v":1,"unique":true,"key":{"muhurGrubu.gorsel":1},"name":"c2_muhurGrubu.gorsel","ns":"mitolojix.dersler","background":true,"sparse":false},{"v":1,"unique":true,"key":{"muhurGrubu.butonAktif":1},"name":"c2_muhurGrubu.butonAktif","ns":"mitolojix.dersler","background":true,"sparse":false},{"v":1,"unique":true,"key":{"muhurGrubu.butonPasif":1},"name":"c2_muhurGrubu.butonPasif","ns":"mitolojix.dersler","background":true,"sparse":false},{"v":1,"key":{"aktif":1},"name":"c2_aktif","ns":"mitolojix.dersler","background":true,"sparse":false}]}