{"options":{},"indexes":[{"v":1,"key":{"_id":1},"name":"_id_","ns":"mitolojix.kurumlar"},{"v":1,"key":{"_fts":"text","_ftsx":1},"name":"kurumSearch","ns":"mitolojix.kurumlar","default_language":"turkish","weights":{"searchSource.adres.il":1,"searchSource.adres.ilce":1,"searchSource.isim":2,"searchSource.yetkili.email":1,"searchSource.yetkili.isim":1,"searchSource.yetkili.telefon":1,"searchSource.yetkili.unvan":1},"language_override":"language","textIndexVersion":2},{"v":1,"unique":true,"key":{"isim":1},"name":"c2_isim","ns":"mitolojix.kurumlar","background":true,"sparse":false},{"v":1,"key":{"isimCollate":1},"name":"c2_isimCollate","ns":"mitolojix.kurumlar","background":true,"sparse":false},{"v":1,"key":{"aktif":1},"name":"c2_aktif","ns":"mitolojix.kurumlar","background":true,"sparse":false}]}