{"options":{},"indexes":[{"v":1,"key":{"_id":1},"name":"_id_","ns":"mitolojix.mufredat"},{"v":1,"unique":true,"key":{"kurum":1,"egitimYili":1,"ders":1,"sinif":1},"name":"kurum_1_egitimYili_1_ders_1_sinif_1","ns":"mitolojix.mufredat"},{"v":1,"key":{"_fts":"text","_ftsx":1},"name":"mufredatSearch","ns":"mitolojix.mufredat","default_language":"turkish","weights":{"searchSource.ders":1,"searchSource.egitimYili":1,"searchSource.kurum":2,"searchSource.sinif":1},"language_override":"language","textIndexVersion":2},{"v":1,"key":{"kurum":1},"name":"c2_kurum","ns":"mitolojix.mufredat","background":true,"sparse":false},{"v":1,"key":{"egitimYili":1},"name":"c2_egitimYili","ns":"mitolojix.mufredat","background":true,"sparse":false},{"v":1,"key":{"aktif":1},"name":"c2_aktif","ns":"mitolojix.mufredat","background":true,"sparse":false}]}