{"options":{},"indexes":[{"v":1,"key":{"_id":1},"name":"_id_","ns":"mitolojix.muhurler"},{"v":1,"unique":true,"key":{"ders":1,"isim":1},"name":"ders_1_isim_1","ns":"mitolojix.muhurler"},{"v":1,"unique":true,"key":{"ders":1,"sira":1},"name":"ders_1_sira_1","ns":"mitolojix.muhurler"},{"v":1,"unique":true,"key":{"ders":1,"gorsel":1},"name":"ders_1_gorsel_1","ns":"mitolojix.muhurler"},{"v":1,"key":{"_fts":"text","_ftsx":1},"name":"muhurSearch","ns":"mitolojix.muhurler","default_language":"turkish","weights":{"searchSource.ders":1,"searchSource.isim":2},"language_override":"language","textIndexVersion":2},{"v":1,"key":{"ders":1},"name":"c2_ders","ns":"mitolojix.muhurler","background":true,"sparse":false},{"v":1,"key":{"sira":1},"name":"c2_sira","ns":"mitolojix.muhurler","background":true,"sparse":false},{"v":1,"key":{"aktif":1},"name":"c2_aktif","ns":"mitolojix.muhurler","background":true,"sparse":false}]}