{"options":{},"indexes":[{"v":1,"key":{"_id":1},"name":"_id_","ns":"mitolojix.sinavlar"},{"v":1,"key":{"_fts":"text","_ftsx":1},"name":"sinavSearch","ns":"mitolojix.sinavlar","default_language":"turkish","weights":{"searchSource.aciklama":1,"searchSource.ders":2,"searchSource.egitimYili":1,"searchSource.kod":3,"searchSource.kurum":2,"searchSource.sinif":1,"searchSource.subeler":1,"searchSource.tip":1},"language_override":"language","textIndexVersion":2},{"v":1,"key":{"kurum":1},"name":"c2_kurum","ns":"mitolojix.sinavlar","background":true,"sparse":false},{"v":1,"key":{"egitimYili":1},"name":"c2_egitimYili","ns":"mitolojix.sinavlar","background":true,"sparse":false},{"v":1,"key":{"ders":1},"name":"c2_ders","ns":"mitolojix.sinavlar","background":true,"sparse":false},{"v":1,"key":{"muhur":1},"name":"c2_muhur","ns":"mitolojix.sinavlar","background":true,"sparse":true},{"v":1,"key":{"sinif":1},"name":"c2_sinif","ns":"mitolojix.sinavlar","background":true,"sparse":false},{"v":1,"key":{"subeler":1},"name":"c2_subeler","ns":"mitolojix.sinavlar","background":true,"sparse":false},{"v":1,"key":{"acilisTarihi":-1},"name":"c2_acilisTarihi","ns":"mitolojix.sinavlar","background":true,"sparse":false},{"v":1,"key":{"acilisSaati":1},"name":"c2_acilisSaati","ns":"mitolojix.sinavlar","background":true,"sparse":false},{"v":1,"key":{"acilisZamani":-1},"name":"c2_acilisZamani","ns":"mitolojix.sinavlar","background":true,"sparse":false},{"v":1,"key":{"kapanisTarihi":-1},"name":"c2_kapanisTarihi","ns":"mitolojix.sinavlar","background":true,"sparse":false},{"v":1,"key":{"kapanisSaati":1},"name":"c2_kapanisSaati","ns":"mitolojix.sinavlar","background":true,"sparse":false},{"v":1,"key":{"kapanisZamani":-1},"name":"c2_kapanisZamani","ns":"mitolojix.sinavlar","background":true,"sparse":false},{"v":1,"key":{"tip":1},"name":"c2_tip","ns":"mitolojix.sinavlar","background":true,"sparse":false},{"v":1,"key":{"canliStatus":1},"name":"c2_canliStatus","ns":"mitolojix.sinavlar","background":true,"sparse":false},{"v":1,"key":{"yanitlarAcilmaTarihi":-1},"name":"c2_yanitlarAcilmaTarihi","ns":"mitolojix.sinavlar","background":true,"sparse":false},{"v":1,"key":{"yanitlarAcilmaSaati":1},"name":"c2_yanitlarAcilmaSaati","ns":"mitolojix.sinavlar","background":true,"sparse":false},{"v":1,"key":{"yanitlarAcilmaZamani":-1},"name":"c2_yanitlarAcilmaZamani","ns":"mitolojix.sinavlar","background":true,"sparse":false},{"v":1,"key":{"soruZDGuncellemesiYapilmaZamani":-1},"name":"c2_soruZDGuncellemesiYapilmaZamani","ns":"mitolojix.sinavlar","background":true,"sparse":false},{"v":1,"key":{"sinavKagitlariKapanmaZamani":-1},"name":"c2_sinavKagitlariKapanmaZamani","ns":"mitolojix.sinavlar","background":true,"sparse":false},{"v":1,"key":{"taslak":1},"name":"c2_taslak","ns":"mitolojix.sinavlar","background":true,"sparse":false},{"v":1,"key":{"kilitli":1},"name":"c2_kilitli","ns":"mitolojix.sinavlar","background":true,"sparse":false},{"v":1,"key":{"aktif":1},"name":"c2_aktif","ns":"mitolojix.sinavlar","background":true,"sparse":false},{"v":1,"key":{"kod":1},"name":"c2_kod","ns":"mitolojix.sinavlar","background":true,"sparse":false},{"v":1,"key":{"acilisKapanisArasindakiSureSaat":1},"name":"c2_acilisKapanisArasindakiSureSaat","ns":"mitolojix.sinavlar","background":true,"sparse":false},{"v":1,"key":{"sinavKapanisiHatirlatmaZamani":-1},"name":"c2_sinavKapanisiHatirlatmaZamani","ns":"mitolojix.sinavlar","background":true,"sparse":false}]}