{"options":{},"indexes":[{"v":1,"key":{"_id":1},"name":"_id_","ns":"mitolojix.sinavkagitlari"},{"v":1,"unique":true,"key":{"ogrenci":1,"sinav":1},"name":"ogrenci_1_sinav_1","ns":"mitolojix.sinavkagitlari"},{"v":1,"key":{"kurum":1},"name":"c2_kurum","ns":"mitolojix.sinavkagitlari","background":true,"sparse":false},{"v":1,"key":{"ogrenci":1},"name":"c2_ogrenci","ns":"mitolojix.sinavkagitlari","background":true,"sparse":false},{"v":1,"key":{"sinif":1},"name":"c2_sinif","ns":"mitolojix.sinavkagitlari","background":true,"sparse":false},{"v":1,"key":{"egitimYili":1},"name":"c2_egitimYili","ns":"mitolojix.sinavkagitlari","background":true,"sparse":false},{"v":1,"key":{"sinav":1},"name":"c2_sinav","ns":"mitolojix.sinavkagitlari","background":true,"sparse":false},{"v":1,"key":{"ogrenciSinavaGirdi":-1},"name":"c2_ogrenciSinavaGirdi","ns":"mitolojix.sinavkagitlari","background":true,"sparse":false},{"v":1,"key":{"baslamaZamani":-1},"name":"c2_baslamaZamani","ns":"mitolojix.sinavkagitlari","background":true,"sparse":false},{"v":1,"key":{"bitirmeZamani":-1},"name":"c2_bitirmeZamani","ns":"mitolojix.sinavkagitlari","background":true,"sparse":false},{"v":1,"key":{"puan":-1},"name":"c2_puan","ns":"mitolojix.sinavkagitlari","background":true,"sparse":false},{"v":1,"key":{"dogumTarihi":1},"name":"c2_dogumTarihi","ns":"mitolojix.sinavkagitlari","background":true,"sparse":false},{"v":1,"key":{"nameCollate":1},"name":"c2_nameCollate","ns":"mitolojix.sinavkagitlari","background":true,"sparse":false},{"v":1,"key":{"lastNameCollate":1},"name":"c2_lastNameCollate","ns":"mitolojix.sinavkagitlari","background":true,"sparse":false},{"v":1,"key":{"cinsiyet":-1},"name":"c2_cinsiyet","ns":"mitolojix.sinavkagitlari","background":true,"sparse":false},{"v":1,"key":{"puanOrtalamayaGirdi":-1},"name":"c2_puanOrtalamayaGirdi","ns":"mitolojix.sinavkagitlari","background":true,"sparse":false}]}