{"options":{},"indexes":[{"v":1,"key":{"_id":1},"name":"_id_","ns":"mitolojix.sorular"},{"v":1,"key":{"kurum":1},"name":"c2_kurum","ns":"mitolojix.sorular","background":true,"sparse":false},{"v":1,"key":{"alan.ders":1},"name":"c2_alan.ders","ns":"mitolojix.sorular","background":true,"sparse":false},{"v":1,"key":{"alan.sinif":1},"name":"c2_alan.sinif","ns":"mitolojix.sorular","background":true,"sparse":false},{"v":1,"key":{"alan.konu":1},"name":"c2_alan.konu","ns":"mitolojix.sorular","background":true,"sparse":false},{"v":1,"key":{"tip":1},"name":"c2_tip","ns":"mitolojix.sorular","background":true,"sparse":false},{"v":1,"key":{"taslak":1},"name":"c2_taslak","ns":"mitolojix.sorular","background":true,"sparse":false},{"v":1,"key":{"kilitli":1},"name":"c2_kilitli","ns":"mitolojix.sorular","background":true,"sparse":false},{"v":1,"key":{"aktif":1},"name":"c2_aktif","ns":"mitolojix.sorular","background":true,"sparse":false},{"v":1,"key":{"kod":1},"name":"c2_kod","ns":"mitolojix.sorular","background":true,"sparse":false},{"v":1,"key":{"_fts":"text","_ftsx":1},"name":"soruSearch","ns":"mitolojix.sorular","default_language":"turkish","weights":{"searchSource.aciklama":1,"searchSource.alan.ders":2,"searchSource.alan.konu":2,"searchSource.alan.sinif":1,"searchSource.kod":3,"searchSource.kurum":2,"searchSource.tip":1,"searchSource.zorlukDerecesi":1},"language_override":"language","textIndexVersion":2}]}